datum,pv_kwh,ac_kwh,export_kwh,import_kwh,bat_charge_kwh,bat_discharge_kwh
2026-09-22,2.00,7.80,0.04,12.27,0.80,7.00
2026-09-23,50.60,42.90,20.19,12.56,18.20,13.10
2026-09-24,92.70,87.40,55.78,11.09,17.20,15.30
2026-09-25,44.50,39.30,16.52,12.80,17.30,14.20
2026-09-26,62.10,54.80,28.70,11.39,18.40,13.90
2026-09-27,85.70,78.50,54.34,9.38,16.70,5.60
2026-09-28,47.60,57.50,25.76,15.84,,
2026-09-29,66.70,76.20,47.05,17.81,,
2026-09-30,7.80,20.80,0.11,21.97,,
2026-10-01,78.90,85.20,55.33,26.67,,
